Contract Number,Amount Vouchered
33531,"$1,864,653.41 "
37975,"$319,375.20 "
41341,"$14,425.26 "
42011,"$2,046,318.05 "
42048,"$192,941.01 "
42275,"$7,635,451.69 "
42745,"$1,891.35 "
42822,"$109,246.82 "
42884,"$7,842.39 "
43322,$462.50 
43457,"$1,010,688.69 "
43924,"$1,086,471.66 "
44835,"$425,741.20 "
45753,"$2,685.30 "
45987,"$766,192.66 "
46005,"$600,819.06 "
46113,"$54,626.67 "
46223,"$13,557.28 "
46464,"$286,857.19 "
46481,"$34,005.85 "
46845,"$23,400.00 "
46939,"$485,507.66 "
46949,"$31,127.75 "
47022,"$7,221.31 "
47350,"$20,490.00 "
47365,"$64,000.00 "
47390,"$524,817.91 "
47401,"$5,918.45 "
47435,"$2,755.62 "
47465,"$386,300.80 "
47474,"$244,607.48 "
47530,"$64,669.81 "
47612,"$164,631.49 "
47613,"$39,540.00 "
47660,"$112,275.00 "
47662,"$918,667.00 "
47691,"$1,467.40 "
47703,"$8,545.60 "
47704,"$2,952.34 "
47729,"$300,000.00 "
47749,"$46,810.00 "
47787,"$2,926.75 "
47791,"$8,800.00 "
47793,"$4,726.43 "
47794,"$2,836,223.60 "
47859,$550.00 
47867,"$98,233.73 "
47868,"$554,377.95 "
47915,"$8,300.00 "
47941,"$115,811.37 "
47942,"$52,394.30 "
47943,"$90,346.94 "
47944,"$63,801.36 "
47946,"$85,283.96 "
47949,"$12,163.53 "
47955,"$36,309.56 "
48010,"$131,004.89 "
48017,"$12,368.97 "
48088,"$1,685.00 "
48097,"$7,000.00 "
48102,"$26,695.00 "
48128,"$86,732.40 "
48192,"$10,713.00 "
48201,"$2,254,321.74 "
48211,"$850,000.00 "
48270,"$5,175.35 "
48284,"$26,656.00 "
48299,"$130,838.57 "
48304,"$115,636.50 "
48325,"$9,130.16 "
48329,"$299,243.00 "
48343,"$1,136,508.41 "
48350,"$51,117.54 "
48351,"$11,346.42 "
48359,"$215,048.65 "
48363,"$687,276.99 "
48371,"$4,894.85 "
48397,"$18,130.00 "
48403,"$14,317.57 "
48434,
48435,"$262,962.23 "
48454,$720.72 
48461,"$55,309.78 "
48473,"$2,726,845.80 "
48483,"$491,529.16 "
48491,"$42,240.00 "
48492,"$32,853.00 "
48500,"$146,899.37 "
48509,"$33,387.70 "
48519,"$9,679.50 "
48524,"$163,728.91 "
48531,"$48,904.62 "
48532,"$11,727.10 "
48540,"$136,402.00 "
48557,"$140,792.00 "
48564,"$443,189.45 "
48575,"$10,735.00 "
48581,"$7,500.00 "
48586,$576.95 
48587,"$80,000.00 "
48588,"$45,396.71 "
48600,"$656,265.62 "
48602,"$3,000.00 "
48606,"$187,065.35 "
48607,"$316,496.22 "
48614,"$6,384.00 "
48616,"$169,675.25 "
48625,"$153,094.31 "
48655,"$303,772.64 "
48670,"$12,000.00 "
48683,"$69,237.44 "
48713,"$397,465.42 "
48739,"$39,403.15 "
48768,"$24,157.16 "
48783,"$1,051,000.00 "
48785,"$68,835.45 "
48787,$165.12 
48788,$784.00 
48791,$513.87 
48829,"$407,627.92 "
48830,"$1,462,567.09 "
48831,"$403,148.15 "
48834,"$156,362.10 "
48863,"$35,039.00 "
48880,"$2,804,510.48 "
48886,"$314,660.25 "
48889,"$56,748.51 "
48894,"$8,975.98 "
48956,"$3,032.63 "
48962,"$53,620.00 "
48966,"$3,639,538.23 "
48970,"$38,189,152.51 "
48972,"$265,504.63 "
48981,"$316,950.00 "
48984,"$540,027.76 "
48992,"$17,528.60 "
48994,"$77,259.74 "
49010,"$66,665.00 "
49013,"$4,800.00 "
49017,"$1,661.45 "
49019,$527.40 
49034,"$22,762.72 "
49036,"$51,749.19 "
49053,"$144,375.00 "
49061,"$1,279.35 "
49062,
49083,"$71,110.20 "
49095,"$151,639.74 "
49128,"$356,520.00 "
49134,"$283,603.42 "
49135,"$10,192.92 "
49145,"$3,538.86 "
49150,"$6,000.00 "
49153,"$470,412.63 "
49162,"$3,750.00 "
49165,"$3,639.50 "
49168,"$714,583.33 "
49170,"$165,438.84 "
49174,"$24,607.50 "
49179,"$5,000.00 "
49187,"$148,303.04 "
49192,"$3,345,582.69 "
49194,"$3,964.00 "
49210,"$3,979.99 "
49223,"$4,584.01 "
49224,"$4,578.00 "
49225,"$2,169.32 "
49228,"$83,025.00 "
49231,"$1,396,600.17 "
49241,"$3,837.50 "
49246,"$712,945.10 "
49248,"$1,499,910.42 "
49250,"$36,280.50 "
49251,"$64,425.00 "
49252,"$3,491,141.83 "
49254,"$820,791.50 "
49336,"$406,136.81 "
49355,"$5,000.00 "
49365,"$10,000.00 "
49366,"$83,238.25 "
49370,"$5,500.00 "
49375,"$1,008,396.56 "
49385,"$2,452.00 "
49395,"$2,000.00 "
49396,"$150,000.00 "
49408,"$964,801.59 "
49433,"$22,935.50 "
49434,"$81,287.00 "
49447,"$10,382.08 "
49448,"$361,124.57 "
49449,"$53,021.97 "
49450,"$1,098,873.38 "
49459,"$13,298.00 "
49463,"$123,958.95 "
49464,"$24,300.00 "
49465,"$12,500.00 "
49466,"$7,000.00 "
49467,"$6,750.00 "
49468,"$1,000.00 "
49470,"$136,233.06 "
49471,"$19,574.85 "
49472,"$125,000.00 "
49473,"$176,269.30 "
49477,"$38,500.00 "
49482,"$3,779.98 "
49483,"$549,515.39 "
49487,"$268,626.00 "
49490,"$102,510.13 "
49495,"$7,500.00 "
49498,"$204,889.00 "
49499,"$120,000.00 "
49500,"$10,000.00 "
49501,"$9,500.00 "
49502,"$4,000.00 "
49503,"$3,500.00 "
49504,"$3,000.00 "
49505,"$2,500.00 "
49507,"$386,777.24 "
49508,$794.18 
49509,"$1,500.00 "
49510,"$1,500.00 "
49511,$500.00 
49512,"$51,000.00 "
49513,"$21,391.64 "
49514,"$35,000.00 "
49518,"$5,500.00 "
49519,"$25,000.00 "
49520,"$12,000.00 "
49521,"$37,500.00 "
49522,"$12,000.00 "
49523,"$167,000.00 "
49526,"$200,000.00 "
49527,"$32,500.00 "
49528,"$29,000.00 "
49529,"$9,000.00 "
49532,"$14,731.06 "
49534,"$45,000.00 "
49535,"$27,392.52 "
49536,"$27,000.00 "
49537,"$25,000.00 "
49539,"$20,000.00 "
49540,"$20,000.00 "
49541,"$11,000.00 "
49542,"$5,000.00 "
49543,"$3,200.00 "
49544,"$184,079.88 "
49545,"$814,075.97 "
49546,"$729,568.00 "
49547,"$66,338.25 "
49548,"$4,000.00 "
49549,"$2,500.00 "
49550,"$57,000.00 "
49551,"$491,795.89 "
49552,"$102,564.66 "
49553,"$2,886.00 "
49565,"$22,000.00 "
49566,"$45,000.00 "
49567,"$10,000.00 "
49568,"$2,000.00 "
49569,"$5,000.00 "
49574,"$207,000.00 "
49575,"$75,000.00 "
49576,"$23,000.00 "
49577,"$12,500.00 "
49578,"$76,700.00 "
49579,"$22,000.00 "
49580,"$10,062.23 "
49582,"$5,500.00 "
49583,"$50,000.00 "
49586,"$11,000.00 "
49587,"$18,000.00 "
49588,"$6,500.00 "
49590,"$5,000.00 "
49592,"$9,834.87 "
49597,"$5,000.00 "
49598,"$2,500.00 "
49599,"$4,000.00 "
49600,"$7,000.00 "
49602,"$62,000.00 "
49603,"$47,952.00 "
49604,"$3,500.00 "
49605,"$13,889.00 "
49606,"$9,000.00 "
49607,"$5,000.00 "
49608,"$1,363.64 "
49610,"$5,000.00 "
49611,"$69,906.00 "
49613,"$74,800.00 "
49614,"$21,000.00 "
49615,"$129,600.00 "
49617,"$2,000.00 "
49621,"$219,585.11 "
49622,$75.90 
49623,"$13,000.00 "
49624,"$6,000.00 "
49626,"$5,000.00 "
49627,"$3,000.00 "
49628,"$2,000.00 "
49629,"$61,000.00 "
49630,"$107,800.00 "
49631,"$5,000.00 "
49632,"$2,664.53 "
49633,"$5,000.00 "
49637,"$151,332.95 "
49638,"$490,746.21 "
49639,"$5,674.50 "
49649,"$344,956.70 "
49650,"$10,000.00 "
49651,"$4,184.90 "
49652,"$40,000.00 "
49653,"$7,000.00 "
49654,"$2,000.00 "
49655,"$25,000.00 "
49657,"$122,451.24 "
49658,"$1,000.00 "
49660,"$29,315.46 "
49661,"$11,838.90 "
49662,"$532,663.82 "
49663,"$1,407,174.30 "
49664,"$1,022,051.93 "
49665,"$7,237.15 "
49666,$160.00 
49671,"$539,585.71 "
49673,"$22,000.00 "
49674,"$20,500.00 "
49676,"$4,000.00 "
49679,"$1,500.00 "
49680,"$1,000.00 "
49681,"$40,543.43 "
49682,"$187,539.00 "
49684,"$4,000.00 "
49685,"$6,700.00 "
49686,"$266,633.27 "
49687,"$26,250.00 "
49688,"$33,272.00 "
49694,"$44,421.50 "
49696,"$17,707.87 "
49697,"$14,000.00 "
49700,"$11,922.34 "
49701,"$110,000.00 "
49702,"$2,000.00 "
49703,"$25,000.00 "
49704,"$1,000.00 "
49706,"$41,313.00 "
49708,"$3,368.75 "
49709,"$89,618.00 "
49711,$835.00 
49712,"$8,500.00 "
49728,"$383,709.65 "
49729,"$9,000.00 "
49731,"$283,141.37 "
49735,"$55,000.00 "
49736,"$100,000.00 "
49737,"$305,866.57 "
49738,"$5,000.00 "
49740,"$10,000.00 "
49742,"$9,889.00 "
49744,"$45,000.00 "
49745,"$33,500.00 "
49746,"$7,176.00 "
49747,"$6,000.00 "
49749,"$38,000.00 "
49750,"$5,924.82 "
49754,"$10,000.00 "
49755,"$565,945.55 "
49756,"$3,058,010.94 "
49757,"$40,000.00 "
49766,"$14,900.00 "
49768,"$1,150.88 "
49770,"$29,950.01 "
49771,$718.75 
49772,"$7,700,000.00 "
49773,"$8,640.00 "
49775,"$12,218.75 "
49776,"$5,670.00 "
49778,"$10,000.00 "
49780,"$2,000.00 "
49781,"$49,743.19 "
49785,$760.00 
49792,"$575,000.00 "
49796,"$4,086.40 "
49798,"$1,656.35 "
49799,"$2,000.00 "
49804,"$611,676.81 "
49806,"$5,500.00 "
49807,"$55,413.00 "
49808,"$10,000.00 "
49809,"$659,986.54 "
49810,$877.00 
49811,"$56,799.02 "
49812,"$48,075.21 "
49815,"$40,034.08 "
49817,"$47,253.77 "
49818,"$38,831.66 "
49819,"$46,159.04 "
49823,"$41,843.19 "
49824,"$48,460.00 "
49825,"$37,929.95 "
49826,"$3,240.00 "
49827,"$3,055,721.18 "
49828,"$14,310.30 "
49829,"$9,500.00 "
49830,"$125,000.00 "
49831,"$42,519.35 "
49832,"$22,500.00 "
49833,"$8,437.80 "
49837,"$20,000.00 "
49838,"$15,000.00 "
49839,"$49,479.95 "
49840,"$15,000.00 "
49841,"$11,000.00 "
49842,"$10,000.00 "
49843,"$10,000.00 "
49844,"$9,000.00 "
49846,"$5,500.00 "
49847,"$15,218.88 "
49848,"$9,500.00 "
49849,"$18,427.68 "
49851,"$5,050.00 "
49852,"$5,000.00 "
49853,"$94,372.87 "
49855,"$3,000.00 "
49857,"$3,000.00 "
49858,"$2,500.00 "
49859,"$25,012.39 "
49860,"$37,398.00 "
49861,"$2,500.00 "
49862,"$148,500.00 "
49863,"$2,000.00 "
49864,"$2,000.00 "
49865,"$10,000.00 "
49866,"$4,000.00 "
49867,"$2,000.00 "
49868,"$10,000.00 "
49870,"$15,230.68 "
49871,"$16,021.20 "
49872,"$22,736.12 "
49873,"$32,583.04 "
49874,"$10,000.00 "
49875,"$7,000.00 "
49876,"$26,200.00 "
49877,"$33,000.00 "
49881,"$16,666.67 "
49882,"$16,666.67 "
49883,"$10,800.00 "
49884,"$3,109,354.21 "
49885,"$100,000.00 "
49887,"$62,500.00 "
49888,"$42,500.00 "
49889,"$30,000.00 "
49890,"$20,000.00 "
49892,"$10,000.00 "
49893,"$10,000.00 "
49894,"$75,000.00 "
49895,"$4,000.00 "
49896,"$3,000.00 "
49897,"$2,000.00 "
49898,"$3,735,000.00 "
49899,"$1,500.00 "
49900,$522.33 
49901,"$1,000.00 "
49902,"$1,000.00 "
49903,"$3,000.00 "
49904,"$10,000.00 "
49906,"$45,000.00 "
49907,"$29,000.00 "
49909,"$31,500.00 "
49911,"$9,000.00 "
49913,"$9,000.00 "
49914,"$4,000.00 "
49915,"$731,171.00 "
49916,"$4,000.00 "
49917,"$4,000.00 "
49918,"$3,500.00 "
49919,"$42,000.00 "
49920,"$3,000.00 "
49921,"$2,500.00 "
49926,"$2,500.00 "
49927,"$1,500.00 "
49929,"$2,844,801.95 "
49930,"$140,580.02 "
49931,"$56,000.00 "
49932,"$39,750.00 "
49934,"$2,158,431.91 "
49935,"$40,000.00 "
49936,"$2,000.00 "
49938,"$8,036.00 "
49939,"$4,000.00 "
49940,"$105,565.75 "
49942,"$255,636.96 "
49943,"$90,600.00 "
49945,"$2,347.00 "
49946,"$16,666.66 "
49948,"$50,148.87 "
49949,"$45,000.00 "
49950,"$28,000.00 "
49951,"$10,000.00 "
49952,"$2,000.00 "
49953,"$100,000.00 "
49954,"$2,000.00 "
49955,"$2,000.00 "
49956,"$51,500.00 "
49957,"$30,000.00 "
49958,"$3,750.14 "
49959,"$20,000.00 "
49960,"$2,000.00 "
49961,"$4,000.00 "
49962,"$2,500.00 "
49963,"$16,666.66 "
49964,"$16,666.66 "
49965,"$9,000.00 "
49968,"$13,680.00 "
49969,"$24,844.00 "
49970,"$9,500.00 "
49971,"$30,224.22 "
49972,"$22,000.00 "
49973,"$8,500.00 "
49975,"$3,000.00 "
49976,"$200,000.00 "
49977,"$62,500.00 "
49978,"$5,000.00 "
49979,"$2,000.00 "
49980,"$45,000.00 "
49981,"$50,000.00 "
49982,"$31,750.00 "
49983,"$31,000.00 "
49984,"$10,000.00 "
49986,"$8,997.00 "
49988,"$13,000.00 "
49989,"$6,464.00 "
49991,"$7,500.00 "
49992,"$17,000.00 "
49993,"$3,100.00 "
49994,"$2,700.00 "
49996,"$10,000.00 "
49997,"$57,000.00 "
49998,"$6,500.00 "
50000,"$5,000.00 "
50003,"$13,000.00 "
50004,"$9,500.00 "
50005,"$9,700.00 "
50007,"$20,000.00 "
50008,"$45,000.00 "
50009,"$10,000.00 "
50014,"$52,000.00 "
50017,"$24,098.00 "
50023,"$16,672.33 "
50025,"$2,218.61 "
50026,"$125,000.00 "
50027,"$289,506.60 "
50031,"$43,355.24 "
50032,"$28,184.00 "
50034,"$2,305.00 "
50035,"$162,000.00 "
50036,"$75,000.00 "
50037,"$48,000.00 "
50038,"$30,000.00 "
50039,"$1,000.00 "
50041,"$25,000.00 "
50042,"$11,000.00 "
50043,"$6,500.00 "
50044,"$25,000.00 "
50045,"$1,500.00 "
50046,"$4,000.00 "
50047,"$2,000.00 "
50048,"$177,993.00 "
50049,"$2,000.00 "
50052,"$200,000.00 "
50053,"$160,905.00 "
50055,"$142,723.12 "
50058,"$9,450.00 "
50059,"$70,000.00 "
50060,"$10,000.00 "
50061,"$5,000.00 "
50065,"$2,000.00 "
50066,"$1,000.00 "
50072,"$1,000.00 "
50075,"$5,000.00 "
50076,"$13,000.00 "
50078,"$73,000.00 "
50079,"$10,000.00 "
50080,"$2,500.00 "
50082,"$223,615.39 "
50083,"$148,684.60 "
50086,"$23,475.00 "
50087,"$9,990.00 "
50088,"$11,250.00 "
50089,"$15,660.00 "
50090,"$5,582,951.97 "
50092,"$409,795.84 "
50094,"$62,000.00 "
50095,"$11,463.18 "
50098,"$12,000.00 "
50099,"$10,000.00 "
50100,"$5,000.00 "
50101,"$1,000.00 "
50104,"$4,560.00 "
50109,"$79,258.46 "
50111,"$1,205,601.75 "
50113,"$50,471.69 "
50114,"$2,000.00 "
50115,"$999,293.18 "
50117,"$241,233.75 "
50118,"$210,372.35 "
50119,"$3,780.00 "
50120,"$2,500.00 "
50121,"$10,000.00 "
50125,"$10,000.00 "
50126,"$8,000.00 "
50127,"$50,008.52 "
50129,"$40,000.00 "
50130,"$34,500.00 "
50131,"$2,000.00 "
50132,"$2,000.00 "
50133,"$1,407.00 "
50138,$490.68 
50139,"$75,000.00 "
50140,"$100,000.00 "
50141,"$975,000.00 "
50142,"$47,186.00 "
50144,"$5,250.00 "
50146,"$2,500.00 "
50148,"$4,000.00 "
50149,"$213,573.57 "
50152,"$3,335,000.00 "
50153,"$245,985.60 "
50154,"$2,775.00 "
50158,"$5,000.00 "
50159,"$2,000.00 "
50162,"$25,000.00 "
50164,"$326,925.98 "
50165,"$208,691.25 "
50166,"$171,576.74 "
50167,"$183,566.11 "
50168,"$105,614.43 "
50186,"$38,554.21 "
50188,"$7,000.00 "
50189,"$250,000.00 "
50190,"$10,000.00 "
50191,"$5,000.00 "
50192,"$1,000.00 "
50195,"$7,194,482.23 "
50196,"$5,000.00 "
50198,"$71,276.00 "
50199,"$34,488.00 "
50203,"$10,000.00 "
50205,"$85,186.00 "
50206,"$61,760.00 "
50207,"$38,602.00 "
50208,"$30,389.00 "
50211,"$3,000.00 "
50212,"$124,160.53 "
50213,"$43,114.00 "
50214,"$33,140.00 "
50215,"$15,000.00 "
50217,"$75,280.00 "
50218,"$18,389.66 "
50219,"$10,000.00 "
50220,"$10,000.00 "
50221,"$3,000.00 "
50232,"$1,000.00 "
50235,"$90,000.00 "
50236,"$42,236.00 "
50237,"$2,500.00 "
50239,"$12,218.75 "
50241,"$18,240.00 "
50242,"$34,205.18 "
50243,"$2,392.08 "
50245,"$67,449.00 "
50247,"$5,085,414.39 "
50248,"$15,000.00 "
50251,"$18,674.49 "
50254,"$354,446.46 "
50255,"$9,811.00 "
50257,"$45,349.30 "
50258,"$30,625.00 "
50260,"$7,000.00 "
50261,"$70,000.00 "
50262,"$254,715.94 "
50264,"$5,398.00 "
50266,"$30,000.00 "
50270,"$47,713.77 "
50273,"$58,126.00 "
50274,"$46,410.39 "
50275,"$41,040.76 "
50277,"$72,091.86 "
50278,"$42,720.81 "
50279,"$33,727.00 "
50280,"$24,910.00 "
50281,"$31,750.00 "
50282,"$81,284.12 "
50283,"$33,943.46 "
50284,"$22,632.26 "
50285,"$15,053.77 "
50286,"$62,500.00 "
50287,"$15,000.00 "
50288,"$5,000.00 "
50289,"$2,000.00 "
50290,$500.00 
50291,"$2,958,407.49 "
50293,"$6,800.00 "
50296,"$21,000.00 "
50297,"$15,000.00 "
50299,"$786,243.82 "
50300,"$10,000.00 "
50301,"$8,000.00 "
50302,"$5,000.00 "
50304,"$2,985,829.50 "
50305,"$102,700.00 "
50306,"$4,000.00 "
50307,"$2,000.00 "
50308,"$3,000.00 "
50309,"$2,500.00 "
50310,"$118,920.00 "
50311,"$1,930,576.00 "
50312,"$3,500.00 "
50314,"$10,000.00 "
50315,"$10,000.00 "
50316,"$5,000.00 "
50317,"$5,000.00 "
50319,"$55,000.00 "
50320,"$1,500.00 "
50321,"$1,000.00 "
50324,"$1,153,960.68 "
50328,"$150,000.00 "
50332,"$47,559.00 "
50335,"$42,108.82 "
50337,"$96,816.44 "
50338,"$42,732.75 "
50339,"$23,344.98 "
50340,"$25,000.00 "
50341,"$10,000.00 "
50342,"$366,612.32 "
50344,"$2,000.00 "
50345,"$20,000.00 "
50346,"$15,000.00 "
50347,"$12,000.00 "
50348,"$32,666.67 "
50349,"$10,000.00 "
50351,"$10,000.00 "
50352,"$6,000.00 "
50354,"$5,000.00 "
50355,"$4,000.00 "
50356,"$2,000.00 "
50357,"$2,000.00 "
50358,"$25,000.00 "
50366,"$200,000.00 "
50367,"$48,000.00 "
50368,"$42,500.00 "
50369,"$42,000.00 "
50370,"$38,500.00 "
50371,"$6,000.00 "
50372,"$4,000.00 "
50374,"$3,000.00 "
50375,"$2,000.00 "
50376,"$105,600.00 "
50377,"$25,000.00 "
50379,"$38,602.19 "
50380,"$30,000.00 "
50381,"$1,233.00 "
50383,"$18,333.00 "
50384,"$52,000.00 "
50386,"$37,283.41 "
50387,"$28,500.00 "
50388,"$5,000.00 "
50389,"$73,050.00 "
50390,"$41,500.00 "
50391,"$27,000.00 "
50392,"$167,000.00 "
50393,"$29,500.00 "
50394,"$316,993.36 "
50395,"$12,500.00 "
50396,"$12,000.00 "
50397,"$10,000.00 "
50398,"$5,000.00 "
50400,"$493,392.40 "
50401,"$22,716.00 "
50403,"$5,000.00 "
50405,"$10,000.00 "
50406,"$225,342.75 "
50407,"$25,328.37 "
50408,"$50,000.00 "
50409,"$5,400.00 "
50411,"$1,907.73 "
50412,"$2,000.00 "
50414,$467.20 
50416,"$17,742.00 "
50417,"$257,461.00 "
50418,"$64,950.00 "
50419,"$100,000.00 "
50420,"$55,000.00 "
50421,"$53,000.00 "
50422,"$51,500.00 "
50423,"$33,000.00 "
50424,"$24,900.00 "
50425,"$6,425.00 "
50426,"$7,000.00 "
50427,$876.41 
50428,"$2,000.00 "
50429,"$689,847.00 "
50432,"$28,820.00 "
50433,"$1,971.15 "
50434,"$19,233.75 "
50436,"$54,000.00 "
50437,"$10,000.00 "
50438,"$5,500.00 "
50439,"$6,000.00 "
50440,"$6,000.00 "
50441,"$5,000.00 "
50442,"$185,351.00 "
50443,"$49,500.00 "
50444,"$4,500.00 "
50445,"$73,000.00 "
50446,"$2,000.00 "
50447,"$28,585.26 "
50448,"$37,000.00 "
50449,"$3,114.48 "
50450,"$5,000.00 "
50451,"$2,000.00 "
50452,"$350,000.00 "
50453,"$45,889.80 "
50454,"$25,000.00 "
50455,"$50,000.00 "
50456,"$10,000.00 "
50457,"$10,000.00 "
50458,"$2,000.00 "
50459,"$3,375.00 "
50460,"$37,077.00 "
50461,"$15,000.00 "
50463,"$6,625,907.95 "
50469,"$5,000.00 "
50470,"$5,000.00 "
50471,"$5,000.00 "
50472,"$2,000.00 "
50473,"$1,962.48 "
50474,"$31,000.00 "
50475,"$19,500.00 "
50476,"$150,000.00 "
50477,"$40,000.00 "
50478,"$23,025.00 "
50479,"$20,000.00 "
50480,"$4,000.00 "
50481,"$20,000.00 "
50482,"$1,500.00 "
50483,"$3,000.00 "
50484,"$146,727.00 "
50485,"$162,000.25 "
50486,"$84,500.00 "
50487,"$16,000.00 "
50488,"$44,000.00 "
50489,"$7,000.00 "
50490,"$115,526.00 "
50491,"$70,000.00 "
50496,"$500,858.25 "
50502,"$32,740.00 "
50503,"$1,174,610.72 "
50506,"$3,017,706.65 "
50509,"$5,083.00 "
50514,"$10,424.00 "
50516,"$7,000.00 "
50517,"$62,000.00 "
50518,"$3,500.00 "
50520,"$39,500.00 "
50521,"$2,000.00 "
50522,"$14,000.00 "
50524,"$5,000.00 "
50525,"$25,000.00 "
50526,"$4,841.34 "
50527,"$504,120.00 "
50528,"$131,248.39 "
50529,$126.94 
50530,"$127,303.39 "
50532,"$15,000.00 "
50536,"$3,000.00 "
50537,"$38,875.00 "
50538,"$2,950.00 "
50540,"$24,689.00 "
50541,"$20,000.00 "
50543,"$17,000.00 "
50545,"$136,413.62 "
50546,"$25,000.00 "
50547,"$25,000.00 "
50550,"$50,000.00 "
50551,"$76,845.00 "
50552,"$64,580.00 "
50553,"$40,000.00 "
50554,"$10,000.00 "
50555,"$7,000.00 "
50556,"$5,500.00 "
50557,"$3,000.00 "
50558,"$2,500.00 "
50561,"$362,434.98 "
50562,"$246,217.18 "
50563,"$193,922.65 "
50564,"$115,756.31 "
50565,"$25,445.00 "
50566,"$492,718.77 "
50567,"$66,664.79 "
50568,"$29,987.50 "
50571,"$16,380.00 "
50572,"$11,160.00 "
50573,"$5,000.00 "
50574,"$760,036.00 "
50578,"$2,000.00 "
50579,"$42,955.00 "
50583,"$5,000.00 "
50584,"$2,000.00 "
50585,"$669,920.18 "
50586,"$205,406.00 "
50587,"$5,000.00 "
50588,"$29,300.00 "
50589,"$5,000.00 "
50590,"$4,000.00 "
50591,"$2,000.00 "
50592,"$1,000.00 "
50593,"$503,880.00 "
50594,"$13,000.00 "
50595,"$13,000.00 "
50596,"$31,950.00 "
50597,"$13,000.00 "
50598,"$47,449.00 "
50605,"$72,985.27 "
50654,"$4,465.98 "
50655,"$15,838.27 "
50676,"$296,068.40 "
50678,"$14,966.78 "
50679,"$289,458.78 "
50680,"$250,000.00 "
50681,"$5,581.87 "
50682,"$10,000.00 "
50687,"$100,000.00 "
50688,"$70,000.00 "
50690,$520.87 
50691,"$38,000.00 "
50692,"$16,000.00 "
50693,"$1,325,000.00 "
50694,"$33,737.00 "
50695,"$30,225.00 "
50696,"$18,583.00 "
50698,"$8,250.00 "
50700,"$3,000.00 "
50701,"$818,548.80 "
50702,"$5,500.00 "
50707,"$329,000.00 "
50708,"$156,012.35 "
50712,"$2,396.20 "
50714,"$5,000.00 "
50715,"$42,945.22 "
50717,"$98,320.00 "
50719,"$100,000.00 "
50720,"$245,290.22 "
50723,"$44,681.20 "
50726,"$100,000.00 "
50729,"$10,000.00 "
50730,"$20,000.00 "
50732,"$6,000.00 "
50733,"$4,500.00 "
50734,"$98,000.00 "
50735,"$40,000.00 "
50736,"$24,000.00 "
50738,"$15,000.00 "
50739,"$2,000.00 "
50740,"$10,000.00 "
50741,"$165,430.00 "
50744,"$32,056.08 "
50755,"$4,699.04 "
50759,"$20,617.92 "
50760,"$4,120.00 "
50761,"$11,000.00 "
50766,"$15,000.00 "
50767,"$73,546.66 "
50768,"$10,000.00 "
50771,"$10,000.00 "
50772,"$9,000.00 "
50773,"$9,747.00 "
50774,"$4,417,135.42 "
50775,"$9,747.00 "
50776,"$2,500.00 "
50777,"$6,219,502.00 "
50778,"$1,832,004.73 "
50781,"$3,831,673.56 "
50782,"$1,000.00 "
50784,"$148,722.00 "
50785,"$7,500.00 "
50788,"$5,000.00 "
50789,"$4,540.00 "
50793,"$20,000.00 "
50794,"$5,000.00 "
50795,"$7,500.00 "
50798,"$2,680,636.93 "
50799,"$459,168.85 "
50800,"$58,284.34 "
50803,"$11,603.25 "
50804,"$10,000.00 "
50806,"$182,815.71 "
50808,"$10,000.00 "
50809,"$6,000.00 "
50810,"$5,000.00 "
50811,"$21,000.00 "
50812,"$5,000.00 "
50813,"$12,218.75 "
50814,"$8,000.00 "
50815,"$5,000.00 "
50816,"$5,000.00 "
50817,"$150,000.00 "
50819,"$150,000.00 "
50825,"$2,140,669.83 "
50826,"$10,000.00 "
50827,"$7,000.00 "
50828,"$12,500.00 "
50833,"$57,500.00 "
50834,"$7,500.00 "
50835,"$2,500.00 "
50836,"$32,000.00 "
50839,"$3,899.76 "
50841,"$376,880.28 "
50842,"$33,223.16 "
50843,"$28,356.71 "
50845,"$199,931.25 "
50846,"$56,030.49 "
50848,"$373,300.11 "
50849,"$126,057.00 "
50850,"$25,000.00 "
50851,"$25,000.00 "
50853,"$12,659.20 "
50860,"$25,000.00 "
50862,"$21,598.66 "
50863,$700.00 
50864,$471.76 
50865,$649.45 
50866,$700.00 
50867,$700.00 
50868,$699.87 
50870,$670.72 
50871,$660.80 
50872,$679.87 
50873,$700.00 
50876,"$10,700.00 "
50877,"$30,772.08 "
50878,"$56,310.45 "
50879,"$42,218.32 "
50880,"$100,000.00 "
50881,"$6,897.68 "
50882,"$12,705.79 "
50884,"$47,157.07 "
50885,"$52,920.47 "
50886,"$46,636.62 "
50887,"$25,000.00 "
50888,"$25,000.00 "
50891,"$207,375.00 "
50892,"$2,500.00 "
50893,"$2,500.00 "
50894,"$422,341.53 "
50896,"$269,377.93 "
50897,"$70,504.14 "
50898,"$9,747.00 "
50899,"$5,862.00 "
50900,"$274,400.00 "
50901,"$6,575.00 "
50902,"$25,000.00 "
50903,"$2,923.20 "
50904,"$20,000.00 "
50905,"$2,500.00 "
50906,"$12,500.00 "
50907,"$7,000.00 "
50908,"$5,000.00 "
50909,"$2,500.00 "
50910,"$950,299.98 "
50912,"$45,542.81 "
50915,"$318,972.43 "
50918,"$458,617.47 "
50920,"$29,847.67 "
50921,"$123,645.49 "
50922,$697.17 
50923,"$40,362.23 "
50926,$700.00 
50928,"$43,764.57 "
50929,"$122,074.31 "
50930,"$180,000.06 "
50931,"$40,000.00 "
50932,"$100,000.00 "
50934,"$117,516.45 "
50935,"$3,333,228.96 "
50936,"$8,500.00 "
50939,"$180,000.00 "
50940,"$7,000.00 "
50941,"$5,000.00 "
50942,"$5,000.00 "
50943,"$20,000.00 "
50944,"$19,000.00 "
50945,"$8,500.00 "
50946,"$5,000.00 "
50947,"$9,500.00 "
50948,"$3,200.00 "
50950,$890.00 
50952,"$1,995.00 "
50953,"$5,500.00 "
50954,"$3,000.00 "
50955,"$2,500.00 "
50956,"$35,488.00 "
50957,"$245,000.00 "
50958,"$5,400.00 "
50959,"$4,000.00 "
50960,$800.00 
50961,"$5,000.00 "
50962,"$5,000.00 "
50963,"$2,500.00 "
50964,"$5,000.00 "
50965,"$3,000.00 "
50966,"$12,500.00 "
50969,"$58,500.00 "
50970,"$5,000.00 "
50971,"$5,000.00 "
50974,"$12,500.00 "
50975,"$60,000.00 "
50977,"$15,000.00 "
50978,"$22,248.00 "
50979,"$137,000.00 "
50981,"$31,914.24 "
50982,"$4,000.00 "
50983,"$16,122.76 "
50984,"$2,500.00 "
50985,"$3,000.00 "
50986,"$7,500.00 "
50987,"$3,000.00 "
50988,"$2,500.00 "
50989,"$5,000.00 "
50990,"$8,000.00 "
50991,"$54,500.00 "
50992,"$11,500.00 "
50994,"$5,000.00 "
50995,"$52,750.00 "
50996,"$27,000.00 "
50997,"$7,500.00 "
50998,"$38,000.00 "
50999,"$2,500.00 "
51000,"$7,500.00 "
51001,"$2,500.00 "
51002,"$4,000.00 "
51003,"$42,000.00 "
51004,"$2,500.00 "
51005,"$5,000.00 "
51006,"$10,000.00 "
51007,"$2,500.00 "
51008,"$65,000.00 "
51009,"$5,000.00 "
51010,"$10,000.00 "
51013,"$2,500.00 "
51014,"$9,500.00 "
51015,"$723,796.00 "
51017,"$66,000.00 "
51018,"$6,000.00 "
51019,"$53,000.00 "
51020,"$145,813.00 "
51021,"$38,000.00 "
51022,"$38,000.00 "
51023,"$10,000.00 "
51024,"$10,000.00 "
51028,"$10,000.00 "
51029,"$29,500.00 "
51030,"$6,000.00 "
51031,"$5,500.00 "
51032,"$5,000.00 "
51034,"$51,986.81 "
51035,"$2,500.00 "
51036,"$2,500.00 "
51037,"$1,000.00 "
51038,"$7,500.00 "
51042,"$22,536.95 "
51044,"$110,000.00 "
51045,"$35,000.00 "
51046,"$5,000.00 "
51047,"$5,000.00 "
51049,"$88,718.00 "
51051,"$13,676.71 "
51055,"$13,500.00 "
51057,"$5,000.00 "
51061,"$21,246.82 "
51062,"$7,500.00 "
51063,"$2,500.00 "
51064,"$19,500.00 "
51065,"$2,500.00 "
51066,"$2,500.00 "
51067,"$38,000.00 "
51068,"$25,437.77 "
51069,"$369,662.00 "
51070,"$50,000.00 "
51071,"$44,000.00 "
51072,"$14,000.00 "
51073,"$3,575.00 "
51074,"$5,000.00 "
51075,"$152,700.00 "
51076,"$42,236.00 "
51078,"$4,574.87 "
51079,"$22,000.00 "
51081,"$28,000.00 "
51083,"$226,482.13 "
51084,"$71,276.00 "
51088,"$596,917.00 "
51089,"$7,147.00 "
51090,"$5,000.00 "
51091,"$50,000.00 "
51092,"$37,000.00 "
51093,"$33,737.00 "
51094,"$10,000.00 "
51095,"$36,736.00 "
51097,"$609,033.03 "
51100,"$4,885.52 "
51101,"$10,000.00 "
51102,"$1,623.59 "
51103,"$50,000.00 "
51104,"$2,500.00 "
51105,"$57,000.00 "
51106,"$7,500.00 "
51107,"$20,000.00 "
51108,"$2,500.00 "
51112,"$11,000.00 "
51114,"$180,000.00 "
51115,"$22,716.00 "
51116,"$100,000.00 "
51117,"$27,000.00 "
51118,"$353,424.32 "
51120,"$2,500.00 "
51121,"$162,000.00 "
51122,"$140,000.00 "
51123,"$2,000.00 "
51124,"$58,126.00 "
51125,"$34,488.00 "
51126,"$136,687.50 "
51127,"$2,500.00 "
51128,"$5,000.00 "
51129,"$42,000.00 "
51130,"$27,000.00 "
51131,"$9,500.00 "
51132,"$6,500.00 "
51133,"$15,000.00 "
51134,"$2,000.00 "
51135,"$20,000.00 "
51136,"$2,500.00 "
51138,"$24,950.00 "
51139,"$13,000.00 "
51140,"$2,500.00 "
51142,"$7,500.00 "
51144,"$39,500.00 "
51145,"$32,000.00 "
51146,"$5,500.00 "
51147,"$77,642.15 "
51148,"$275,770.66 "
51151,"$6,200,000.00 "
51154,"$17,000.00 "
51156,"$497,499.82 "
51157,"$29,500.00 "
51158,"$5,769.42 "
51160,"$3,500.00 "
51161,"$67,449.00 "
51162,"$2,500.00 "
51163,"$5,514.73 "
51164,"$2,500.00 "
51165,"$81,870.20 "
51166,"$179,511.77 "
51169,"$28,000.00 "
51170,"$12,455.00 "
51171,"$29,039.83 "
51172,"$313,550.00 "
51173,"$83,328.39 "
51174,"$31,553.49 "
51175,"$112,900.99 "
51176,"$4,500.00 "
51177,"$13,000.00 "
51178,"$13,000.00 "
51179,"$13,000.00 "
51180,"$1,443,577.54 "
51185,"$20,000.00 "
51187,"$439,999.98 "
51188,"$53,371.20 "
51189,"$40,000.00 "
51190,"$85,186.00 "
51191,"$61,760.00 "
51192,"$13,000.00 "
51193,$680.92 
51194,$700.00 
51195,$497.68 
51196,$369.50 
51197,$699.80 
51198,$700.00 
51199,$418.97 
51200,$646.22 
51202,"$13,500.00 "
51203,"$5,000.00 "
51205,"$418,442.08 "
51208,"$381,794.72 "
51209,"$150,000.00 "
51210,"$20,000.00 "
51212,$212.49 
51214,"$18,328.78 "
51215,$700.00 
51217,$665.84 
51218,$700.00 
51219,$700.00 
51222,"$25,735.00 "
51225,$572.86 
51226,"$422,491.55 "
51228,"$406,160.00 "
51229,$143.59 
51231,"$30,000.00 "
51235,"$15,217.00 "
51237,"$19,276.87 "
51241,"$2,500.00 "
51244,"$10,224.58 "
51245,"$5,000.00 "
51251,"$2,090.32 "
51255,$618.88 
51256,"$20,000.00 "
51260,"$63,928.15 "
51261,"$100,000.00 "
51262,"$25,387.38 "
51263,"$55,511.60 "
51264,"$11,750.00 "
51266,"$15,000.00 "
51269,"$2,500.00 "
51271,"$196,243.40 "
51272,"$7,560.00 "
51273,"$6,750.00 "
51274,"$5,000.00 "
51275,"$5,000.00 "
51276,"$18,335.64 "
51277,"$9,420.00 "
51278,"$4,000.00 "
51279,"$5,500.00 "
51287,"$5,400.00 "
51288,"$5,940.00 "
51292,"$13,656,030.68 "
51293,"$22,543.19 "
51296,"$20,037.50 "
51303,"$120,000.00 "
51304,"$2,535,000.00 "
51307,"$24,059.03 "
51309,"$5,400.00 "
51310,"$17,500.00 "
51313,"$16,000.00 "
51314,"$191,245.51 "
51315,$140.89 
51316,"$27,000.00 "
51319,"$225,000.00 "
51323,"$53,851.64 "
51328,"$10,000.00 "
51330,"$1,155,488.00 "
51333,"$73,441.13 "
51334,"$12,944.00 "
51336,"$165,840.00 "
51337,"$34,541.30 "
51338,"$26,254.27 "
51339,"$11,803.61 "
51340,"$202,716.00 "
51341,"$81,385.71 "
51343,"$17,844.00 "
51344,"$71,000.00 "
51345,"$55,000.00 "
51346,"$33,000.00 "
51347,"$14,000.00 "
51348,"$2,217,682.28 "
51349,"$290,897.27 "
51350,"$121,360.08 "
51351,"$118,064.59 "
51352,"$50,000.00 "
51355,"$10,055.50 "
51356,"$41,459.72 "
51357,"$25,000.00 "
51358,"$89,283.00 "
51360,"$14,250.00 "
51361,"$25,000.00 "
51363,"$195,812.64 "
51364,"$56,374.84 "
51365,"$45,148.93 "
51366,"$146,781.85 "
51367,"$14,000.00 "
51368,"$65,029.86 "
51369,"$113,367.22 "
51373,"$49,627.88 "
51374,"$35,000.00 "
51377,"$10,000.00 "
51378,"$45,637.63 "
51379,"$174,787.50 "
51380,"$422,717.58 "
51381,"$10,365.00 "
51382,"$721,418.00 "
51385,"$144,625.00 "
51386,"$184,112.50 "
51387,"$13,000.00 "
51389,"$85,454.62 "
51390,"$12,480.00 "
51391,"$28,377.04 "
51392,"$2,200.00 "
51394,"$13,881.39 "
51397,"$61,500.00 "
51398,"$113,050.00 "
51400,"$12,500.00 "
51408,"$8,705.82 "
51409,"$5,000.00 "
51410,"$5,000.00 "
51411,"$2,500.00 "
51413,"$38,000.00 "
51414,"$42,000.00 "
51415,"$10,000.00 "
51416,"$5,500.00 "
51418,"$2,470.00 "
51419,"$51,198.57 "
51420,"$2,216.32 "
51421,"$23,729.17 "
51422,"$13,930.00 "
51423,"$26,655.02 "
51425,"$25,000.00 "
51426,"$36,375.84 "
51428,"$14,801.81 "
51429,"$2,500.00 "
51430,"$18,000.00 "
51431,"$141,574.00 "
51432,"$57,500.00 "
51433,"$108,175.69 "
51434,"$11,000.00 "
51435,"$171,621.09 "
51436,"$58,000.00 "
51437,"$40,000.00 "
51438,"$13,379.27 "
51439,"$12,218.75 "
51441,"$25,000.00 "
51442,"$24,338.63 "
51445,"$9,500.00 "
51446,"$3,000.00 "
51447,"$73,150.15 "
51448,"$50,500.00 "
51449,"$14,500.00 "
51450,"$15,000.00 "
51451,"$8,500.00 "
51452,"$14,500.00 "
51453,"$40,000.00 "
51454,"$5,500.00 "
51455,"$5,000.00 "
51456,"$5,000.00 "
51457,"$5,000.00 "
51458,"$4,477.67 "
51460,"$22,068.80 "
51461,"$189,000.00 "
51462,"$56,500.00 "
51463,"$45,000.00 "
51464,"$177,510.27 "
51465,"$16,268.97 "
51466,"$20,000.00 "
51467,"$15,000.00 "
51468,"$14,700.00 "
51469,"$2,461.00 "
51470,"$4,113.76 "
51471,"$12,000.00 "
51472,"$5,500.00 "
51473,"$11,661.00 "
51474,"$3,000.00 "
51476,"$1,462.76 "
51477,"$9,000.00 "
51478,"$11,000.00 "
51479,"$5,000.00 "
51481,"$2,500.00 "
51483,"$2,500.00 "
51484,"$2,500.00 "
51485,"$34,705.95 "
51486,"$10,500.00 "
51487,"$2,500.00 "
51488,"$70,500.00 "
51489,"$67,100.24 "
51490,"$32,500.00 "
51491,"$29,000.00 "
51493,"$12,500.00 "
51494,"$10,000.00 "
51495,"$10,000.00 "
51496,"$7,500.00 "
51497,"$5,000.00 "
51499,"$2,500.00 "
51500,"$60,000.00 "
51501,"$54,000.00 "
51502,"$50,000.00 "
51503,"$40,000.00 "
51504,"$9,044.00 "
51505,"$4,000.00 "
51506,"$11,124.00 "
51508,"$6,476.38 "
51509,"$99,685.00 "
51510,"$2,500.00 "
51511,"$2,500.00 "
51512,"$2,500.00 "
51513,"$13,900.00 "
51514,"$100,000.00 "
51515,"$55,409.58 "
51516,"$55,000.00 "
51517,"$44,550.00 "
51518,"$47,500.00 "
51520,"$18,250.00 "
51522,"$19,066.84 "
51524,"$13,500.00 "
51526,"$10,000.00 "
51527,"$39,280.00 "
51528,$456.00 
51529,"$10,000.00 "
51530,"$7,500.00 "
51532,"$5,500.00 "
51533,"$5,000.00 "
51534,"$5,000.00 "
51535,"$920,504.89 "
51536,"$5,000.00 "
51537,"$4,000.00 "
51539,"$6,000.00 "
51540,"$7,500.00 "
51541,"$12,500.00 "
51542,"$2,500.00 "
51543,"$13,282.92 "
51546,"$2,500.00 "
51547,"$2,500.00 "
51548,"$2,500.00 "
51549,"$4,001.39 "
51555,"$10,000.00 "
51556,"$2,500.00 "
51557,"$57,900.00 "
51558,"$48,000.00 "
51559,"$308,025.76 "
51561,"$15,550.00 "
51565,"$6,250.00 "
51566,"$9,900.00 "
51568,"$157,125.00 "
51569,"$7,500.00 "
51571,"$5,000.00 "
51575,"$249,304.35 "
51576,"$6,608.67 "
51577,"$5,000.00 "
51578,"$5,000.00 "
51579,"$3,000.00 "
51580,"$2,500.00 "
51581,"$2,500.00 "
51582,"$32,000.00 "
51583,"$6,000.00 "
51584,"$6,000.00 "
51585,"$15,811.15 "
51586,"$2,500.00 "
51588,"$6,000.00 "
51593,"$247,578.10 "
51594,"$5,000.00 "
51595,"$3,000.00 "
51597,"$36,500.00 "
51598,"$5,000.00 "
51599,"$2,500.00 "
51622,"$34,885.93 "
51623,"$40,000.00 "
51626,"$2,500.00 "
51628,"$1,767.00 "
51630,"$50,923.11 "
51631,"$11,552.69 "
51636,"$659,436.71 "
51645,"$2,323.94 "
51648,"$8,860.78 "
51649,"$23,100.00 "
51652,"$4,322,037.77 "
51654,"$19,500.00 "
51656,"$2,500.00 "
51657,"$6,000.00 "
51658,"$92,060.00 "
51660,"$2,500.00 "
51663,"$14,895.00 "
51664,"$30,739.72 "
51668,"$78,956.27 "
51669,"$47,295.39 "
51671,"$10,000.00 "
51672,"$2,500.00 "
51679,"$40,115.00 "
51680,"$9,909.54 "
51683,"$24,826.00 "
51687,"$11,970.55 "
51691,"$14,493.18 "
51692,"$10,000.00 "
51694,"$5,000.00 "
51696,"$2,500.00 "
51697,"$2,500.00 "
51698,"$2,500.00 "
51699,"$145,000.00 "
51700,"$6,500.00 "
51704,"$125,000.00 "
51706,"$9,892.00 "
51707,"$41,056.75 "
51711,"$24,084.14 "
51714,"$455,313.36 "
51715,"$13,500.00 "
51716,"$19,845.00 "
51717,"$8,775.00 "
51718,"$12,960.00 "
51719,"$12,000.00 "
51720,"$12,780.00 "
51721,"$927,200.00 "
51722,"$134,890.25 "
51723,"$4,500.00 "
51724,"$575,000.00 "
51726,"$8,500.00 "
51727,"$4,264.74 "
51728,$987.56 
51729,$442.59 
51730,$887.73 
51731,"$1,000.00 "
51732,$968.33 
51733,$928.25 
51734,$948.16 
51736,"$10,000.00 "
51737,"$1,000.00 "
51738,$881.92 
51744,"$195,000.00 "
51745,"$15,000.00 "
51746,"$14,600.00 "
51751,"$4,230.02 "
51753,"$132,340.00 "
51756,"$3,516.12 "
51758,"$11,124.00 "
51759,$600.50 
51761,"$239,624.29 "
51765,"$16,038.00 "
51772,"$20,500.00 "
51782,"$34,000.00 "
51785,"$143,400.00 "
51786,"$71,000.00 "
51789,"$1,000.00 "
51790,"$2,307.30 "
51793,"$2,500.00 "
51798,"$7,000.00 "
51800,"$14,111.32 "
51802,"$1,767,776.81 "
51804,"$1,000.00 "
51808,"$101,045.36 "
51809,"$768,892.93 "
51810,"$1,000.00 "
51811,$937.75 
51812,"$1,000.00 "
51813,"$5,250.00 "
51817,"$141,173.40 "
51824,"$7,250.77 "
51825,"$7,217.22 "
51826,"$5,500.00 "
51830,"$83,054.21 "
51831,"$72,860.93 "
51833,"$11,138.34 "
51834,"$107,141.88 "
51835,"$7,291.26 "
51838,"$64,533.35 "
51839,"$82,323.91 "
51843,"$19,267.52 "
51844,"$2,500.00 "
51845,"$371,758.45 "
51849,"$16,322.90 "
51850,"$4,826.60 "
51851,"$4,718.55 "
51853,"$19,789.08 "
51865,"$35,982.34 "
51868,"$73,374.00 "
51870,"$66,000.00 "
51871,"$70,000.00 "
51873,"$15,482.27 "
51874,"$80,000.00 "
51875,$849.60 
51876,"$9,457.89 "
51877,"$12,560.00 "
51880,"$43,000.00 "
51881,"$42,200.00 "
51883,"$5,000.00 "
51886,"$7,055.10 "
51887,"$10,416.76 "
51888,"$6,187.50 "
51893,"$6,055.30 "
51894,"$2,500.00 "
51899,"$9,000.00 "
51901,"$60,000.00 "
51904,"$9,315.76 "
51911,"$14,664.57 "
51912,"$8,224.00 "
51919,"$10,000.00 "
51926,"$5,000.00 "
51928,"$5,000.00 "
51930,"$10,364.21 "
51934,$500.00 
51936,"$3,693.04 "
51940,"$2,500.00 "
51944,"$14,373.00 "
51945,"$2,500.00 "
51946,"$42,065.78 "
51949,"$5,355.00 "
51951,"$2,006.33 "
51956,"$5,000.00 "
51961,"$3,000.00 "
51965,"$12,000.00 "
51973,"$40,000.00 "
51983,"$21,046.47 "
51989,"$200,000.00 "
52008,"$10,530.00 "
52024,"$15,000.00 "
52025,"$586,789.68 "
52026,"$26,466.00 "
494805,"$108,934.00 "
494813,"$365,823.20 "
494821,$733.44 
494830,$734.79 
494848,$866.25 
494856,$557.28 
494864,"$22,520.00 "
494881,"$43,460.75 "
494899,$28.00 
494928,"$672,496.84 "
494936,"$15,317.63 "
494944,$97.50 
494952,"$13,785.00 "
494961,"$61,857.98 "
494979,"$1,250.83 "
494987,"$7,380.00 "
495007,"$56,743.66 "
495015,"$3,013.13 "
495040,"$1,135,803.84 "
495066,"$17,505.78 "
495269,"$57,899.81 "
495285,"$13,811.60 "
495293,"$3,253.26 "
495306,"$79,341.63 "
495322,$829.86 
495331,"$2,458.00 "
495349,"$114,204.00 "
495357,"$91,649.00 "
495429,"$2,486.22 "
495496,"$240,786.00 "
495525,"$13,918.35 "
495533,"$142,301.20 "
495550,"$35,894.00 "
495568,"$55,116.00 "
495576,"$81,300.67 "
495592,$451.00 
495605,"$34,500.00 "
495613,"$17,851.65 "
495630,"$9,000.00 "
495648,"$28,000.00 "
495672,"$40,076.08 "
495681,"$10,366.38 "
495699,"$120,000.00 "
495710,"$17,886.68 "
495736,"$168,543.95 "
495744,"$6,299.96 "
495752,"$38,557.00 "
495761,"$2,475.64 "
495779,"$1,069.84 "
495787,"$6,910.00 "
495795,$832.00 
495808,"$4,720.00 "
495816,"$42,600.00 "
495832,"$36,940.09 "
495859,"$2,619.98 "
495867,"$98,000.00 "
,"$323,694,866.67 "
